Date,Open,High,Low,Close,Adj Close,Volume
2020-02-18,40894.37891,40894.37891,40894.37891,40894.37891,40894.37891,0
2020-02-19,41323,41323,41323,41323,41323,0
2020-02-20,41170.12109,41170.12109,41170.12109,41170.12109,41170.12109,0
2020-02-24,40363.23047,40363.23047,40363.23047,40363.23047,40363.23047,0
2020-02-25,40281.19922,40281.19922,40281.19922,40281.19922,40281.19922,0
2020-02-26,39888.96094,39888.96094,39888.96094,39888.96094,39888.96094,0
2020-02-27,39745.66406,39745.66406,39745.66406,39745.66406,39745.66406,0
2020-02-28,null,null,null,null,null,null
2020-03-02,38144.02344,38144.02344,38144.02344,38144.02344,38144.02344,0
2020-03-03,null,null,null,null,null,null
2020-03-04,38409.48047,38409.48047,38409.48047,38409.48047,38409.48047,0
2020-03-05,38470.61328,38470.61328,38470.61328,38470.61328,38470.61328,0
2020-03-06,37576.61719,37576.61719,37576.61719,37576.61719,37576.61719,0
2020-03-09,35634.95313,35634.95313,35634.95313,35634.95313,35634.95313,0
2020-03-11,35697.39844,35697.39844,35697.39844,35697.39844,35697.39844,0
2020-03-12,32778.13672,32778.13672,32778.13672,32778.13672,32778.13672,0
2020-03-13,34103.47656,34103.47656,34103.47656,34103.47656,34103.47656,0
2020-03-16,31390.06641,31390.06641,31390.06641,31390.06641,31390.06641,0
2020-03-17,30579.0918,30579.0918,30579.0918,30579.0918,30579.0918,0
2020-03-18,28869.50586,28869.50586,28869.50586,28869.50586,28869.50586,0
2020-03-19,28288.22852,28288.22852,28288.22852,28288.22852,28288.22852,0
2020-03-20,29915.96484,29915.96484,29915.96484,29915.96484,29915.96484,0
2020-03-23,null,null,null,null,null,null
2020-03-24,26674.02734,26674.02734,26674.02734,26674.02734,26674.02734,0
2020-03-25,28535.7793,28535.7793,28535.7793,28535.7793,28535.7793,0
2020-03-26,null,null,null,null,null,null
2020-03-27,29815.58984,29815.58984,29815.58984,29815.58984,29815.58984,0
2020-03-30,28440.31641,28440.31641,28440.31641,28440.31641,28440.31641,0
2020-03-31,null,null,null,null,null,null
2020-04-01,28265.30859,28265.30859,28265.30859,28265.30859,28265.30859,0
2020-04-03,27590.95313,27590.95313,27590.95313,27590.95313,27590.95313,0
2020-04-07,30067.21289,30067.21289,30067.21289,30067.21289,30067.21289,0
2020-04-08,29893.96484,29893.96484,29893.96484,29893.96484,29893.96484,0
2020-04-09,null,null,null,null,null,null
2020-04-13,30690.01758,30690.01758,30690.01758,30690.01758,30690.01758,0
2020-04-15,30379.80859,30379.80859,30379.80859,30379.80859,30379.80859,0
2020-04-16,30602.61133,30602.61133,30602.61133,30602.61133,30602.61133,0
2020-04-17,null,null,null,null,null,null
2020-04-20,31647.99609,31647.99609,31647.99609,31647.99609,31647.99609,0
2020-04-21,30636.71484,30636.71484,30636.71484,30636.71484,30636.71484,0
2020-04-22,31379.55273,31379.55273,31379.55273,31379.55273,31379.55273,0
2020-04-23,31863.07813,31863.07813,31863.07813,31863.07813,31863.07813,0
2020-04-24,31327.22266,31327.22266,31327.22266,31327.22266,31327.22266,0
2020-04-27,31743.08008,31743.08008,31743.08008,31743.08008,31743.08008,0
2020-04-28,32114.51758,32114.51758,32114.51758,32114.51758,32114.51758,0
2020-04-29,32720.15625,32720.15625,32720.15625,32720.15625,32720.15625,0
2020-04-30,33717.61328,33717.61328,33717.61328,33717.61328,33717.61328,0
2020-05-04,31715.35352,31715.35352,31715.35352,31715.35352,31715.35352,0
2020-05-05,31453.51172,31453.51172,31453.51172,31453.51172,31453.51172,0
2020-05-06,31685.74805,31685.74805,31685.74805,31685.74805,31685.74805,0
2020-05-07,31443.37695,31443.37695,31443.37695,31443.37695,31443.37695,0
2020-05-08,31642.70313,31642.70313,31642.70313,31642.70313,31642.70313,0
2020-05-11,31561.21875,31561.21875,31561.21875,31561.21875,31561.21875,0
2020-05-12,31371.125,31371.125,31371.125,31371.125,31371.125,0
2020-05-13,32008.60547,32008.60547,32008.60547,32008.60547,32008.60547,0
2020-05-14,31122.88867,31122.88867,31122.88867,31122.88867,31122.88867,0
2020-05-15,31097.72656,31097.72656,31097.72656,31097.72656,31097.72656,0
2020-05-18,30028.97656,30028.97656,30028.97656,30028.97656,30028.97656,0
2020-05-19,30196.16602,30196.16602,30196.16602,30196.16602,30196.16602,0
2020-05-20,30818.61133,30818.61133,30818.61133,30818.61133,30818.61133,0
2020-05-21,30932.9043,30932.9043,30932.9043,30932.9043,30932.9043,0
2020-05-22,30672.58789,30672.58789,30672.58789,30672.58789,30672.58789,0
2020-05-26,30609.29688,30609.29688,30609.29688,30609.29688,30609.29688,0
2020-05-27,31605.2168,31605.2168,31605.2168,31605.2168,31605.2168,0
2020-05-28,32200.58594,32200.58594,32200.58594,32200.58594,32200.58594,0
2020-05-29,32424.0957,32424.0957,32424.0957,32424.0957,32424.0957,0
2020-06-01,33303.52344,33303.52344,33303.52344,33303.52344,33303.52344,0
2020-06-02,33825.52734,33825.52734,33825.52734,33825.52734,33825.52734,0
2020-06-03,34109.53906,34109.53906,34109.53906,34109.53906,34109.53906,0
2020-06-04,33980.70313,33980.70313,33980.70313,33980.70313,33980.70313,0
2020-06-05,34287.24219,34287.24219,34287.24219,34287.24219,34287.24219,0
2020-06-08,34370.58203,34370.58203,34370.58203,34370.58203,34370.58203,0
2020-06-09,33956.69141,33956.69141,33956.69141,33956.69141,33956.69141,0
2020-06-10,34247.05078,34247.05078,34247.05078,34247.05078,34247.05078,0
2020-06-11,33538.36719,33538.36719,33538.36719,33538.36719,33538.36719,0
2020-06-12,33780.88672,33780.88672,33780.88672,33780.88672,33780.88672,0
2020-06-15,33228.80078,33228.80078,33228.80078,33228.80078,33228.80078,0
2020-06-16,33605.21875,33605.21875,33605.21875,33605.21875,33605.21875,0
2020-06-17,33507.91797,33507.91797,33507.91797,33507.91797,33507.91797,0
2020-06-18,34208.04688,34208.04688,34208.04688,34208.04688,34208.04688,0
2020-06-19,34731.72656,34731.72656,34731.72656,34731.72656,34731.72656,0
2020-06-22,34911.32031,34911.32031,34911.32031,34911.32031,34911.32031,0
2020-06-23,35430.43359,35430.43359,35430.43359,35430.43359,35430.43359,0
2020-06-24,34868.98438,34868.98438,34868.98438,34868.98438,34868.98438,0
2020-06-25,34842.09766,34842.09766,34842.09766,34842.09766,34842.09766,0
2020-06-26,35171.27344,35171.27344,35171.27344,35171.27344,35171.27344,0
2020-06-29,34961.51563,34961.51563,34961.51563,34961.51563,34961.51563,0
2020-06-30,34915.80078,34915.80078,34915.80078,34915.80078,34915.80078,0
2020-07-01,35414.45313,35414.45313,35414.45313,35414.45313,35414.45313,0
2020-07-02,null,null,null,null,null,null
2020-07-03,null,null,null,null,null,null
2020-07-06,36487.27734,36487.27734,36487.27734,36487.27734,36487.27734,0
2020-07-07,36674.52344,36674.52344,36674.52344,36674.52344,36674.52344,0
2020-07-08,36329.01172,36329.01172,36329.01172,36329.01172,36329.01172,0
2020-07-09,36737.6875,36737.6875,36737.6875,36737.6875,36737.6875,0
2020-07-10,36594.33203,36594.33203,36594.33203,36594.33203,36594.33203,0
2020-07-13,36693.69141,36693.69141,36693.69141,36693.69141,36693.69141,0
2020-07-14,36033.05859,36033.05859,36033.05859,36033.05859,36033.05859,0
2020-07-15,36051.80469,36051.80469,36051.80469,36051.80469,36051.80469,0
2020-07-16,36471.67969,36471.67969,36471.67969,36471.67969,36471.67969,0
2020-07-17,37020.14063,37020.14063,37020.14063,37020.14063,37020.14063,0
2020-07-20,37418.98828,37418.98828,37418.98828,37418.98828,37418.98828,0
2020-07-21,37930.32813,37930.32813,37930.32813,37930.32813,37930.32813,0
2020-07-22,37871.51953,37871.51953,37871.51953,37871.51953,37871.51953,0
2020-07-23,38140.47266,38140.47266,38140.47266,38140.47266,38140.47266,0
2020-07-24,38128.89844,38128.89844,38128.89844,38128.89844,38128.89844,0
2020-07-27,37934.73047,37934.73047,37934.73047,37934.73047,37934.73047,0
2020-07-28,38492.95313,38492.95313,38492.95313,38492.95313,38492.95313,0
2020-07-29,38071.13281,38071.13281,38071.13281,38071.13281,38071.13281,0
2020-07-30,37736.07031,37736.07031,37736.07031,37736.07031,37736.07031,0
2020-07-31,37606.89453,37606.89453,37606.89453,37606.89453,37606.89453,0
2020-08-03,36939.59766,36939.59766,36939.59766,36939.59766,36939.59766,0
2020-08-04,37687.91016,37687.91016,37687.91016,37687.91016,37687.91016,0
2020-08-05,37663.33203,37663.33203,37663.33203,37663.33203,37663.33203,0
2020-08-06,38025.45313,38025.45313,38025.45313,38025.45313,38025.45313,0
2020-08-07,38040.57031,38040.57031,38040.57031,38040.57031,38040.57031,0
2020-08-10,38182.07813,38182.07813,38182.07813,38182.07813,38182.07813,0
2020-08-11,38407.00781,38407.00781,38407.00781,38407.00781,38407.00781,0
2020-08-12,38369.625,38369.625,38369.625,38369.625,38369.625,0
2020-08-13,38310.49609,38310.49609,38310.49609,38310.49609,38310.49609,0
2020-08-14,37877.33984,37877.33984,37877.33984,37877.33984,37877.33984,0
2020-08-17,38050.78125,38050.78125,38050.78125,38050.78125,38050.78125,0
2020-08-18,38528.32422,38528.32422,38528.32422,38528.32422,38528.32422,0
2020-08-19,38614.79297,38614.79297,38614.79297,38614.79297,38614.79297,0
2020-08-20,38220.38672,38220.38672,38220.38672,38220.38672,38220.38672,0
2020-08-21,38434.72266,38434.72266,38434.72266,38434.72266,38434.72266,0
2020-08-24,38799.08203,38799.08203,38799.08203,38799.08203,38799.08203,0
2020-08-25,38843.87891,38843.87891,38843.87891,38843.87891,38843.87891,0
2020-08-26,39073.92188,39073.92188,39073.92188,39073.92188,39073.92188,0
2020-08-27,39113.46875,39113.46875,39113.46875,39113.46875,39113.46875,0
2020-08-28,39467.30859,39467.30859,39467.30859,39467.30859,39467.30859,0
2020-08-31,38628.29297,38628.29297,38628.29297,38628.29297,38628.29297,0
2020-09-01,38900.79688,38900.79688,38900.79688,38900.79688,38900.79688,0
2020-09-02,39086.03125,39086.03125,39086.03125,39086.03125,39086.03125,0
2020-09-03,38990.94141,38990.94141,38990.94141,38990.94141,38990.94141,0
2020-09-04,38357.18359,38357.18359,38357.18359,38357.18359,38357.18359,0
2020-09-07,null,null,null,null,null,null
2020-09-08,38365.35156,38365.35156,38365.35156,38365.35156,38365.35156,0
2020-09-09,38193.92188,38193.92188,38193.92188,38193.92188,38193.92188,0
2020-09-10,38840.32422,38840.32422,38840.32422,38840.32422,38840.32422,0
2020-09-11,38854.54688,38854.54688,38854.54688,38854.54688,38854.54688,0
2020-09-14,38756.62891,38756.62891,38756.62891,38756.62891,38756.62891,0
2020-09-15,39044.35156,39044.35156,39044.35156,39044.35156,39044.35156,0
2020-09-16,39302.85156,39302.85156,39302.85156,39302.85156,39302.85156,0
2020-09-17,38979.84375,38979.84375,38979.84375,38979.84375,38979.84375,0
2020-09-18,38845.82031,38845.82031,38845.82031,38845.82031,38845.82031,0
2020-09-21,38034.14063,38034.14063,38034.14063,38034.14063,38034.14063,0
2020-09-22,37734.07813,37734.07813,37734.07813,37734.07813,37734.07813,0
2020-09-23,37668.41797,37668.41797,37668.41797,37668.41797,37668.41797,0
2020-09-24,36553.59375,36553.59375,36553.59375,36553.59375,36553.59375,0
2020-09-25,37388.66406,37388.66406,37388.66406,37388.66406,37388.66406,0
2020-09-28,37981.62891,37981.62891,37981.62891,37981.62891,37981.62891,0
2020-09-29,37973.22656,37973.22656,37973.22656,37973.22656,37973.22656,0
2020-09-30,38067.92578,38067.92578,38067.92578,38067.92578,38067.92578,0
2020-10-01,38697.05078,38697.05078,38697.05078,38697.05078,38697.05078,0
2020-10-05,38973.69531,38973.69531,38973.69531,38973.69531,38973.69531,0
2020-10-06,39574.57031,39574.57031,39574.57031,39574.57031,39574.57031,0
2020-10-07,39878.94531,39878.94531,39878.94531,39878.94531,39878.94531,0
2020-10-08,40182.67578,40182.67578,40182.67578,40182.67578,40182.67578,0
2020-10-09,40509.48438,40509.48438,40509.48438,40509.48438,40509.48438,0
2020-10-12,40593.79688,40593.79688,40593.79688,40593.79688,40593.79688,0
2020-10-13,40625.51563,40625.51563,40625.51563,40625.51563,40625.51563,0
2020-10-14,40794.73828,40794.73828,40794.73828,40794.73828,40794.73828,0
2020-10-15,39728.41406,39728.41406,39728.41406,39728.41406,39728.41406,0
2020-10-16,39982.98047,39982.98047,39982.98047,39982.98047,39982.98047,0
2020-10-19,40431.59766,40431.59766,40431.59766,40431.59766,40431.59766,0
2020-10-20,40544.37109,40544.37109,40544.37109,40544.37109,40544.37109,0
2020-10-21,40707.30859,40707.30859,40707.30859,40707.30859,40707.30859,0
2020-10-22,40558.49219,40558.49219,40558.49219,40558.49219,40558.49219,0
2020-10-23,40685.5,40685.5,40685.5,40685.5,40685.5,0
2020-10-26,40145.50391,40145.50391,40145.50391,40145.50391,40145.50391,0
2020-10-27,40522.09766,40522.09766,40522.09766,40522.09766,40522.09766,0
2020-10-28,39922.45703,39922.45703,39922.45703,39922.45703,39922.45703,0
2020-10-29,39749.85156,39749.85156,39749.85156,39749.85156,39749.85156,0
2020-10-30,39614.07422,39614.07422,39614.07422,39614.07422,39614.07422,0
2020-11-02,39757.58594,39757.58594,39757.58594,39757.58594,39757.58594,0
2020-11-03,40261.13281,40261.13281,40261.13281,40261.13281,40261.13281,0
2020-11-04,40616.13672,40616.13672,40616.13672,40616.13672,40616.13672,0
2020-11-05,41340.15625,41340.15625,41340.15625,41340.15625,41340.15625,0
2020-11-06,41893.0625,41893.0625,41893.0625,41893.0625,41893.0625,0
2020-11-09,42597.43359,42597.43359,42597.43359,42597.43359,42597.43359,0
2020-11-10,43277.64844,43277.64844,43277.64844,43277.64844,43277.64844,0
2020-11-11,43593.67188,43593.67188,43593.67188,43593.67188,43593.67188,0
2020-11-12,43357.1875,43357.1875,43357.1875,43357.1875,43357.1875,0
2020-11-13,43442.99609,43442.99609,43442.99609,43442.99609,43442.99609,0
2020-11-14,43637.98047,43637.98047,43637.98047,43637.98047,43637.98047,0
2020-11-17,43952.70703,43952.70703,43952.70703,43952.70703,43952.70703,0
2020-11-18,44180.04688,44180.04688,44180.04688,44180.04688,44180.04688,0
2020-11-19,43599.96484,43599.96484,43599.96484,43599.96484,43599.96484,0
2020-11-20,43882.25,43882.25,43882.25,43882.25,43882.25,0
2020-11-23,44077.14844,44077.14844,44077.14844,44077.14844,44077.14844,0
2020-11-24,44523.01953,44523.01953,44523.01953,44523.01953,44523.01953,0
2020-11-25,43828.09766,43828.09766,43828.09766,43828.09766,43828.09766,0
2020-11-26,null,null,null,null,null,null
2020-11-27,44149.71875,44149.71875,44149.71875,44149.71875,44149.71875,0
2020-12-01,44655.44141,44655.44141,44655.44141,44655.44141,44655.44141,0
2020-12-02,44618.04297,44618.04297,44618.04297,44618.04297,44618.04297,0
2020-12-03,44632.65234,44632.65234,44632.65234,44632.65234,44632.65234,0
2020-12-04,45079.55469,45079.55469,45079.55469,45079.55469,45079.55469,0
2020-12-07,45426.96875,45426.96875,45426.96875,45426.96875,45426.96875,0
2020-12-08,45608.50781,45608.50781,45608.50781,45608.50781,45608.50781,0
2020-12-09,46103.5,46103.5,46103.5,46103.5,46103.5,0
2020-12-10,45959.875,45959.875,45959.875,45959.875,45959.875,0
2020-12-11,46099.00781,46099.00781,46099.00781,46099.00781,46099.00781,0
2020-12-14,46253.45703,46253.45703,46253.45703,46253.45703,46253.45703,0
2020-12-15,46263.16797,46263.16797,46263.16797,46263.16797,46263.16797,0
2020-12-16,46666.46484,46666.46484,46666.46484,46666.46484,46666.46484,0
2020-12-17,46890.33594,46890.33594,46890.33594,46890.33594,46890.33594,0
2020-12-18,46960.69531,46960.69531,46960.69531,46960.69531,46960.69531,0
2020-12-21,45553.95703,45553.95703,45553.95703,45553.95703,45553.95703,0
2020-12-22,46006.6875,46006.6875,46006.6875,46006.6875,46006.6875,0
2020-12-23,46444.18359,46444.18359,46444.18359,46444.18359,46444.18359,0
2020-12-24,46973.53906,46973.53906,46973.53906,46973.53906,46973.53906,0
2020-12-28,47353.75391,47353.75391,47353.75391,47353.75391,47353.75391,0
2020-12-29,47613.08203,47613.08203,47613.08203,47613.08203,47613.08203,0
2020-12-30,47746.21875,47746.21875,47746.21875,47746.21875,47746.21875,0
2020-12-31,47751.33594,47751.33594,47751.33594,47751.33594,47751.33594,0
2021-01-01,null,null,null,null,null,null
2021-01-04,48176.80078,48176.80078,48176.80078,48176.80078,48176.80078,0
2021-01-05,48437.77734,48437.77734,48437.77734,48437.77734,48437.77734,0
2021-01-06,48174.05859,48174.05859,48174.05859,48174.05859,48174.05859,0
2021-01-07,48093.32031,48093.32031,48093.32031,48093.32031,48093.32031,0
2021-01-08,48782.51563,48782.51563,48782.51563,48782.51563,48782.51563,0
2021-01-11,49269.32422,49269.32422,49269.32422,49269.32422,49269.32422,0
2021-01-12,49517.10938,49517.10938,49517.10938,49517.10938,49517.10938,0
2021-01-13,49492.32422,49492.32422,49492.32422,49492.32422,49492.32422,0
2021-01-14,49584.16016,49584.16016,49584.16016,49584.16016,49584.16016,0
2021-01-15,49034.66797,49034.66797,49034.66797,49034.66797,49034.66797,0
2021-01-18,null,null,null,null,null,null
2021-01-19,49398.28516,49398.28516,49398.28516,49398.28516,49398.28516,0
2021-01-20,49792.11719,49792.11719,49792.11719,49792.11719,49792.11719,0
2021-01-21,49624.76563,49624.76563,49624.76563,49624.76563,49624.76563,0
2021-01-22,48878.54297,48878.54297,48878.54297,48878.54297,48878.54297,0
2021-01-25,48347.58984,48347.58984,48347.58984,48347.58984,48347.58984,0
2021-01-27,47409.92969,47409.92969,47409.92969,47409.92969,47409.92969,0
2021-01-28,46874.36328,46874.36328,46874.36328,46874.36328,46874.36328,0
2021-01-29,46285.77344,46285.77344,46285.77344,46285.77344,46285.77344,0
2021-02-01,48600.60938,48600.60938,48600.60938,48600.60938,48600.60938,0
2021-02-02,49797.72266,49797.72266,49797.72266,49797.72266,49797.72266,0
2021-02-03,50255.74609,50255.74609,50255.74609,50255.74609,50255.74609,0
2021-02-04,50614.29297,50614.29297,50614.29297,50614.29297,50614.29297,0
2021-02-05,50731.63281,50731.63281,50731.63281,50731.63281,50731.63281,0
2021-02-08,51348.77344,51348.77344,51348.77344,51348.77344,51348.77344,0
2021-02-09,51329.07813,51329.07813,51329.07813,51329.07813,51329.07813,0
2021-02-10,51309.39063,51309.39063,51309.39063,51309.39063,51309.39063,0
2021-02-11,51531.51953,51531.51953,51531.51953,51531.51953,51531.51953,0
2021-02-12,51544.30078,51544.30078,51544.30078,51544.30078,51544.30078,0
2021-02-15,null,null,null,null,null,null
2021-02-16,52104.16797,52104.16797,52104.16797,52104.16797,52104.16797,0
2021-02-17,51703.82813,51703.82813,51703.82813,51703.82813,51703.82813,0
2021-02-18,51324.69141,51324.69141,51324.69141,51324.69141,51324.69141,0
2021-02-19,50889.76172,50889.76172,50889.76172,50889.76172,50889.76172,0
2021-02-22,49744.32031,49744.32031,49744.32031,49744.32031,49744.32031,0
2021-02-23,49751.40625,49751.40625,49751.40625,49751.40625,49751.40625,0
2021-02-24,50781.6875,50781.6875,50781.6875,50781.6875,50781.6875,0
2021-02-25,51039.30469,51039.30469,51039.30469,51039.30469,51039.30469,0
2021-02-26,49099.98828,49099.98828,49099.98828,49099.98828,49099.98828,0
2021-03-01,49849.84375,49849.84375,49849.84375,49849.84375,49849.84375,0
2021-03-02,50296.89453,50296.89453,50296.89453,50296.89453,50296.89453,0
2021-03-03,51444.64844,51444.64844,51444.64844,51444.64844,51444.64844,0
2021-03-04,50846.07422,50846.07422,50846.07422,50846.07422,50846.07422,0
2021-03-05,50405.32031,50405.32031,50405.32031,50405.32031,50405.32031,0
2021-03-08,50441.07031,50441.07031,50441.07031,50441.07031,50441.07031,0
2021-03-09,51025.48438,51025.48438,51025.48438,51025.48438,51025.48438,0
2021-03-10,51279.51172,51279.51172,51279.51172,51279.51172,51279.51172,0
2021-03-12,50792.07813,50792.07813,50792.07813,50792.07813,50792.07813,0
2021-03-15,50395.08594,50395.08594,50395.08594,50395.08594,50395.08594,0
2021-03-16,50363.96484,50363.96484,50363.96484,50363.96484,50363.96484,0
2021-03-17,49801.625,49801.625,49801.625,49801.625,49801.625,0
2021-03-18,49216.51953,49216.51953,49216.51953,49216.51953,49216.51953,0
2021-03-19,49858.24219,49858.24219,49858.24219,49858.24219,49858.24219,0
2021-03-22,49771.29297,49771.29297,49771.29297,49771.29297,49771.29297,0
2021-03-23,50051.44141,50051.44141,50051.44141,50051.44141,50051.44141,0
2021-03-24,49180.3125,49180.3125,49180.3125,49180.3125,49180.3125,0
2021-03-25,48440.12109,48440.12109,48440.12109,48440.12109,48440.12109,0
2021-03-26,49008.5,49008.5,49008.5,49008.5,49008.5,0
2021-03-30,50136.58203,50136.58203,50136.58203,50136.58203,50136.58203,0
2021-03-31,49509.14844,49509.14844,49509.14844,49509.14844,49509.14844,0
2021-04-01,null,null,null,null,null,null
2021-04-05,49159.32031,49159.32031,49159.32031,49159.32031,49159.32031,0
2021-04-06,49201.38672,49201.38672,49201.38672,49201.38672,49201.38672,0
2021-04-07,49661.75781,49661.75781,49661.75781,49661.75781,49661.75781,0
2021-04-08,49746.20703,49746.20703,49746.20703,49746.20703,49746.20703,0
2021-04-09,49591.32422,49591.32422,49591.32422,49591.32422,49591.32422,0
2021-04-12,47883.375,47883.375,47883.375,47883.375,47883.375,0
2021-04-13,48544.05859,48544.05859,48544.05859,48544.05859,48544.05859,0
2021-04-15,48803.67969,48803.67969,48803.67969,48803.67969,48803.67969,0
2021-04-16,48832.03125,48832.03125,48832.03125,48832.03125,48832.03125,0
2021-04-19,47949.42578,47949.42578,47949.42578,47949.42578,47949.42578,0
2021-04-20,47705.80469,47705.80469,47705.80469,47705.80469,47705.80469,0
2021-04-22,48080.67578,48080.67578,48080.67578,48080.67578,48080.67578,0
2021-04-23,47878.44922,47878.44922,47878.44922,47878.44922,47878.44922,0
2021-04-26,48386.51172,48386.51172,48386.51172,48386.51172,48386.51172,0
2021-04-27,48944.14453,48944.14453,48944.14453,48944.14453,48944.14453,0
2021-04-28,49733.83594,49733.83594,49733.83594,49733.83594,49733.83594,0
2021-04-29,49765.9375,49765.9375,49765.9375,49765.9375,49765.9375,0
2021-04-30,48782.35547,48782.35547,48782.35547,48782.35547,48782.35547,0
2021-05-03,48718.51953,48718.51953,48718.51953,48718.51953,48718.51953,0
2021-05-04,48253.50781,48253.50781,48253.50781,48253.50781,48253.50781,0
2021-05-05,48677.54688,48677.54688,48677.54688,48677.54688,48677.54688,0
2021-05-06,48949.75781,48949.75781,48949.75781,48949.75781,48949.75781,0
2021-05-07,49206.47266,49206.47266,49206.47266,49206.47266,49206.47266,0
2021-05-10,49502.40625,49502.40625,49502.40625,49502.40625,49502.40625,0
2021-05-11,49161.80859,49161.80859,49161.80859,49161.80859,49161.80859,0
2021-05-12,48690.80078,48690.80078,48690.80078,48690.80078,48690.80078,0
2021-05-14,48732.54688,48732.54688,48732.54688,48732.54688,48732.54688,0
2021-05-17,49580.73438,49580.73438,49580.73438,49580.73438,49580.73438,0
2021-05-18,50193.33203,50193.33203,50193.33203,50193.33203,50193.33203,0
2021-05-19,49902.64063,49902.64063,49902.64063,49902.64063,49902.64063,0
2021-05-20,49564.85547,49564.85547,49564.85547,49564.85547,49564.85547,0
2021-05-21,50540.47656,50540.47656,50540.47656,50540.47656,50540.47656,0
2021-05-24,50651.89844,50651.89844,50651.89844,50651.89844,50651.89844,0
2021-05-25,50637.52734,50637.52734,50637.52734,50637.52734,50637.52734,0
2021-05-26,51017.51953,51017.51953,51017.51953,51017.51953,51017.51953,0
2021-05-27,51115.22266,51115.22266,51115.22266,51115.22266,51115.22266,0
2021-05-28,51422.88281,51422.88281,51422.88281,51422.88281,51422.88281,0
2021-05-31,null,null,null,null,null,null
2021-06-01,51934.87891,51934.87891,51934.87891,51934.87891,51934.87891,0
2021-06-02,51849.48047,51849.48047,51849.48047,51849.48047,51849.48047,0
2021-06-03,52232.42969,52232.42969,52232.42969,52232.42969,52232.42969,0
2021-06-04,52100.05078,52100.05078,52100.05078,52100.05078,52100.05078,0
2021-06-07,52328.50781,52328.50781,52328.50781,52328.50781,52328.50781,0
2021-06-08,52275.57031,52275.57031,52275.57031,52275.57031,52275.57031,0
2021-06-09,51941.64063,51941.64063,51941.64063,51941.64063,51941.64063,0
2021-06-10,52300.47266,52300.47266,52300.47266,52300.47266,52300.47266,0
2021-06-11,52474.75781,52474.75781,52474.75781,52474.75781,52474.75781,0
2021-06-14,52551.53125,52551.53125,52551.53125,52551.53125,52551.53125,0
2021-06-15,52773.04688,52773.04688,52773.04688,52773.04688,52773.04688,0
2021-06-16,52501.98047,52501.98047,52501.98047,52501.98047,52501.98047,0
2021-06-17,52323.33203,52323.33203,52323.33203,52323.33203,52323.33203,0
2021-06-18,52344.45313,52344.45313,52344.45313,52344.45313,52344.45313,0
2021-06-21,52574.45703,52574.45703,52574.45703,52574.45703,52574.45703,0
2021-06-22,52588.71484,52588.71484,52588.71484,52588.71484,52588.71484,0
2021-06-23,52306.07422,52306.07422,52306.07422,52306.07422,52306.07422,0
2021-06-24,52698.99609,52698.99609,52698.99609,52698.99609,52698.99609,0
2021-06-25,52925.04297,52925.04297,52925.04297,52925.04297,52925.04297,0
2021-06-28,52735.58594,52735.58594,52735.58594,52735.58594,52735.58594,0
2021-06-29,52549.65625,52549.65625,52549.65625,52549.65625,52549.65625,0
2021-06-30,52482.71094,52482.71094,52482.71094,52482.71094,52482.71094,0
2021-07-01,52318.60156,52318.60156,52318.60156,52318.60156,52318.60156,0
2021-07-02,52484.66797,52484.66797,52484.66797,52484.66797,52484.66797,0
2021-07-05,null,null,null,null,null,null
2021-07-06,52861.17578,52861.17578,52861.17578,52861.17578,52861.17578,0
2021-07-07,53054.75781,53054.75781,53054.75781,53054.75781,53054.75781,0
2021-07-08,52568.94141,52568.94141,52568.94141,52568.94141,52568.94141,0
2021-07-09,52386.1875,52386.1875,52386.1875,52386.1875,52386.1875,0
2021-07-12,52372.68359,52372.68359,52372.68359,52372.68359,52372.68359,0
2021-07-13,52769.72656,52769.72656,52769.72656,52769.72656,52769.72656,0
2021-07-14,null,null,null,null,null,null
2021-07-15,53158.85156,53158.85156,53158.85156,53158.85156,53158.85156,0
2021-07-16,53140.05859,53140.05859,53140.05859,53140.05859,53140.05859,0
2021-07-19,52553.40234,52553.40234,52553.40234,52553.40234,52553.40234,0
2021-07-20,52198.50781,52198.50781,52198.50781,52198.50781,52198.50781,0
2021-07-22,52837.21094,52837.21094,52837.21094,52837.21094,52837.21094,0
2021-07-23,52975.80078,52975.80078,52975.80078,52975.80078,52975.80078,0
2021-07-26,null,null,null,null,null,null
2021-07-27,52578.76172,52578.76172,52578.76172,52578.76172,52578.76172,0
2021-07-28,52443.70703,52443.70703,52443.70703,52443.70703,52443.70703,0
2021-07-29,52653.07422,52653.07422,52653.07422,52653.07422,52653.07422,0
2021-07-30,52586.83984,52586.83984,52586.83984,52586.83984,52586.83984,0
2021-08-02,52950.62891,52950.62891,52950.62891,52950.62891,52950.62891,0
2021-08-03,null,null,null,null,null,null
2021-08-04,54369.76953,54369.76953,54369.76953,54369.76953,54369.76953,0
2021-08-05,54492.83594,54492.83594,54492.83594,54492.83594,54492.83594,0
2021-08-06,54277.72266,54277.72266,54277.72266,54277.72266,54277.72266,0
2021-08-09,54402.84766,54402.84766,54402.84766,54402.84766,54402.84766,0
2021-08-10,54554.66016,54554.66016,54554.66016,54554.66016,54554.66016,0
2021-08-11,54525.92969,54525.92969,54525.92969,54525.92969,54525.92969,0
2021-08-12,54843.97656,54843.97656,54843.97656,54843.97656,54843.97656,0
2021-08-13,null,null,null,null,null,null
2021-08-16,55582.57422,55582.57422,55582.57422,55582.57422,55582.57422,0
2021-08-17,55792.26953,55792.26953,55792.26953,55792.26953,55792.26953,0
2021-08-18,55629.49219,55629.49219,55629.49219,55629.49219,55629.49219,0
2021-08-20,55329.32031,55329.32031,55329.32031,55329.32031,55329.32031,0
2021-08-23,55555.79297,55555.79297,55555.79297,55555.79297,55555.79297,0
2021-08-24,55958.97656,55958.97656,55958.97656,55958.97656,55958.97656,0
2021-08-25,55944.21484,55944.21484,55944.21484,55944.21484,55944.21484,0
2021-08-26,55949.10156,55949.10156,55949.10156,55949.10156,55949.10156,0
2021-08-27,56124.71875,56124.71875,56124.71875,56124.71875,56124.71875,0
2021-08-30,56889.76172,56889.76172,56889.76172,56889.76172,56889.76172,0
2021-08-31,57552.38672,57552.38672,57552.38672,57552.38672,57552.38672,0
2021-09-01,57338.21094,57338.21094,57338.21094,57338.21094,57338.21094,0
2021-09-02,57852.54297,57852.54297,57852.54297,57852.54297,57852.54297,0
2021-09-03,58129.94531,58129.94531,58129.94531,58129.94531,58129.94531,0
2021-09-06,null,null,null,null,null,null
2021-09-07,58279.47656,58279.47656,58279.47656,58279.47656,58279.47656,0
2021-09-08,58250.26172,58250.26172,58250.26172,58250.26172,58250.26172,0
2021-09-09,58305.07422,58305.07422,58305.07422,58305.07422,58305.07422,0
2021-09-13,58177.75781,58177.75781,58177.75781,58177.75781,58177.75781,0
2021-09-14,58247.08594,58247.08594,58247.08594,58247.08594,58247.08594,0
2021-09-15,58723.20313,58723.20313,58723.20313,58723.20313,58723.20313,0
2021-09-16,59141.16406,59141.16406,59141.16406,59141.16406,59141.16406,0
2021-09-17,59015.89453,59015.89453,59015.89453,59015.89453,59015.89453,0
2021-09-20,58490.92969,58490.92969,58490.92969,58490.92969,58490.92969,0
2021-09-21,59005.27344,59005.27344,59005.27344,59005.27344,59005.27344,0
2021-09-22,58927.33203,58927.33203,58927.33203,58927.33203,58927.33203,0
2021-09-23,59885.36328,59885.36328,59885.36328,59885.36328,59885.36328,0
2021-09-24,60048.46875,60048.46875,60048.46875,60048.46875,60048.46875,0
2021-09-27,60077.87891,60077.87891,60077.87891,60077.87891,60077.87891,0
2021-09-28,59667.59375,59667.59375,59667.59375,59667.59375,59667.59375,0
2021-09-29,59413.26563,59413.26563,59413.26563,59413.26563,59413.26563,0
2021-09-30,59126.36328,59126.36328,59126.36328,59126.36328,59126.36328,0
2021-10-01,58765.58594,58765.58594,58765.58594,58765.58594,58765.58594,0
2021-10-04,59299.32422,59299.32422,59299.32422,59299.32422,59299.32422,0
2021-10-05,59744.87891,59744.87891,59744.87891,59744.87891,59744.87891,0
2021-10-06,59189.72656,59189.72656,59189.72656,59189.72656,59189.72656,0
2021-10-07,59677.82813,59677.82813,59677.82813,59677.82813,59677.82813,0
2021-10-08,60059.05859,60059.05859,60059.05859,60059.05859,60059.05859,0
2021-10-11,60135.78516,60135.78516,60135.78516,60135.78516,60135.78516,0
2021-10-12,60284.3125,60284.3125,60284.3125,60284.3125,60284.3125,0
2021-10-13,60737.05078,60737.05078,60737.05078,60737.05078,60737.05078,0
2021-10-14,61305.94922,61305.94922,61305.94922,61305.94922,61305.94922,0
2021-10-18,61765.58984,61765.58984,61765.58984,61765.58984,61765.58984,0
2021-10-19,61716.05078,61716.05078,61716.05078,61716.05078,61716.05078,0
2021-10-20,61259.96484,61259.96484,61259.96484,61259.96484,61259.96484,0
2021-10-21,60923.50391,60923.50391,60923.50391,60923.50391,60923.50391,0
2021-10-22,60821.625,60821.625,60821.625,60821.625,60821.625,0
2021-10-25,60967.05469,60967.05469,60967.05469,60967.05469,60967.05469,0
2021-10-26,61350.26563,61350.26563,61350.26563,61350.26563,61350.26563,0
2021-10-27,61143.33203,61143.33203,61143.33203,61143.33203,61143.33203,0
2021-10-28,59984.69922,59984.69922,59984.69922,59984.69922,59984.69922,0
2021-10-29,59306.93359,59306.93359,59306.93359,59306.93359,59306.93359,0
2021-11-01,60138.45703,60138.45703,60138.45703,60138.45703,60138.45703,0
2021-11-02,60029.05469,60029.05469,60029.05469,60029.05469,60029.05469,0
2021-11-03,59771.92188,59771.92188,59771.92188,59771.92188,59771.92188,0
2021-11-04,60067.61719,60067.61719,60067.61719,60067.61719,60067.61719,0
2021-11-08,60545.60938,60545.60938,60545.60938,60545.60938,60545.60938,0
2021-11-09,60433.44531,60433.44531,60433.44531,60433.44531,60433.44531,0
2021-11-10,60352.81641,60352.81641,60352.81641,60352.81641,60352.81641,0
2021-11-11,59919.69141,59919.69141,59919.69141,59919.69141,59919.69141,0
2021-11-12,60686.69141,60686.69141,60686.69141,60686.69141,60686.69141,0
2021-11-15,60718.70703,60718.70703,60718.70703,60718.70703,60718.70703,0
2021-11-16,60322.37109,60322.37109,60322.37109,60322.37109,60322.37109,0
2021-11-17,60008.33203,60008.33203,60008.33203,60008.33203,60008.33203,0
2021-11-18,59636.01172,59636.01172,59636.01172,59636.01172,59636.01172,0
2021-11-22,58465.89063,58465.89063,58465.89063,58465.89063,58465.89063,0
2021-11-23,58664.32813,58664.32813,58664.32813,58664.32813,58664.32813,0
2021-11-24,58340.98438,58340.98438,58340.98438,58340.98438,58340.98438,0
2021-11-25,null,null,null,null,null,null
2021-11-26,57107.14844,57107.14844,57107.14844,57107.14844,57107.14844,0
2021-11-29,57260.57813,57260.57813,57260.57813,57260.57813,57260.57813,0
2021-11-30,57064.87109,57064.87109,57064.87109,57064.87109,57064.87109,0
2021-12-01,57684.79297,57684.79297,57684.79297,57684.79297,57684.79297,0
2021-12-02,58461.28906,58461.28906,58461.28906,58461.28906,58461.28906,0
2021-12-03,57696.45703,57696.45703,57696.45703,57696.45703,57696.45703,0
2021-12-06,null,null,null,null,null,null
2021-12-07,57633.64844,57633.64844,57633.64844,57633.64844,57633.64844,0
2021-12-08,58649.67969,58649.67969,58649.67969,58649.67969,58649.67969,0
2021-12-09,58807.13281,58807.13281,58807.13281,58807.13281,58807.13281,0
2021-12-10,58786.66797,58786.66797,58786.66797,58786.66797,58786.66797,0
2021-12-13,58283.41406,58283.41406,58283.41406,58283.41406,58283.41406,0
2021-12-14,58117.08984,58117.08984,58117.08984,58117.08984,58117.08984,0
2021-12-15,57788.03125,57788.03125,57788.03125,57788.03125,57788.03125,0
2021-12-16,57901.14063,57901.14063,57901.14063,57901.14063,57901.14063,0
2021-12-17,57011.74219,57011.74219,57011.74219,57011.74219,57011.74219,0
2021-12-20,55822.01563,55822.01563,55822.01563,55822.01563,55822.01563,0
2021-12-21,56319.01563,56319.01563,56319.01563,56319.01563,56319.01563,0
2021-12-22,56930.55859,56930.55859,56930.55859,56930.55859,56930.55859,0
2021-12-23,57315.28125,57315.28125,57315.28125,57315.28125,57315.28125,0
2021-12-24,null,null,null,null,null,null
2021-12-27,57420.24609,57420.24609,57420.24609,57420.24609,57420.24609,0
2021-12-28,57897.47656,57897.47656,57897.47656,57897.47656,57897.47656,0
2021-12-29,57806.48828,57806.48828,57806.48828,57806.48828,57806.48828,0
2021-12-30,57794.32031,57794.32031,57794.32031,57794.32031,57794.32031,0
2021-12-31,58253.82422,58253.82422,58253.82422,58253.82422,58253.82422,0
2022-01-03,59183.22266,59183.22266,59183.22266,59183.22266,59183.22266,0
2022-01-04,59855.93359,59855.93359,59855.93359,59855.93359,59855.93359,0
2022-01-05,60223.14844,60223.14844,60223.14844,60223.14844,60223.14844,0
2022-01-06,59601.84375,59601.84375,59601.84375,59601.84375,59601.84375,0
2022-01-07,59744.64844,59744.64844,59744.64844,59744.64844,59744.64844,0
2022-01-10,60395.62891,60395.62891,60395.62891,60395.62891,60395.62891,0
2022-01-11,60616.89063,60616.89063,60616.89063,60616.89063,60616.89063,0
2022-01-12,61150.03516,61150.03516,61150.03516,61150.03516,61150.03516,0
2022-01-13,61235.29688,61235.29688,61235.29688,61235.29688,61235.29688,0
2022-01-14,61223.03125,61223.03125,61223.03125,61223.03125,61223.03125,0
2022-01-17,null,null,null,null,null,null
2022-01-18,60754.85547,60754.85547,60754.85547,60754.85547,60754.85547,0
2022-01-19,60098.81641,60098.81641,60098.81641,60098.81641,60098.81641,0
2022-01-20,59464.62109,59464.62109,59464.62109,59464.62109,59464.62109,0
2022-01-21,59037.18359,59037.18359,59037.18359,59037.18359,59037.18359,0
2022-01-24,57491.51563,57491.51563,57491.51563,57491.51563,57491.51563,0
2022-01-25,57858.15234,57858.15234,57858.15234,57858.15234,57858.15234,0
2022-01-27,57276.94141,57276.94141,57276.94141,57276.94141,57276.94141,0
2022-01-28,57200.23047,57200.23047,57200.23047,57200.23047,57200.23047,0
2022-01-31,58014.16797,58014.16797,58014.16797,58014.16797,58014.16797,0
2022-02-01,58862.57422,58862.57422,58862.57422,58862.57422,58862.57422,0
2022-02-02,59558.32422,59558.32422,59558.32422,59558.32422,59558.32422,0
2022-02-03,58788.02344,58788.02344,58788.02344,58788.02344,58788.02344,0
2022-02-04,58644.82031,58644.82031,58644.82031,58644.82031,58644.82031,0
2022-02-07,57621.19141,57621.19141,57621.19141,57621.19141,57621.19141,0
2022-02-08,57808.58203,57808.58203,57808.58203,57808.58203,57808.58203,0
2022-02-09,58465.96484,58465.96484,58465.96484,58465.96484,58465.96484,0
2022-02-10,58926.02734,58926.02734,58926.02734,58926.02734,58926.02734,0
2022-02-11,58152.91406,58152.91406,58152.91406,58152.91406,58152.91406,0
2022-02-14,56405.84375,56405.84375,56405.84375,56405.84375,56405.84375,0
2022-02-15,58142.05078,58142.05078,58142.05078,58142.05078,58142.05078,0
2022-02-16,57996.67578,57996.67578,57996.67578,57996.67578,57996.67578,0
2022-02-17,57892.01172,57892.01172,57892.01172,57892.01172,57892.01172,0
2022-02-18,57832.97656,57832.97656,57832.97656,57832.97656,57832.97656,0
2022-02-21,null,null,null,null,null,null
2022-02-22,57300.68359,57300.68359,57300.68359,57300.68359,57300.68359,0
2022-02-23,57232.0625,57232.0625,57232.0625,57232.0625,57232.0625,0
2022-02-24,54529.91406,54529.91406,54529.91406,54529.91406,54529.91406,0
2022-02-25,55858.52344,55858.52344,55858.52344,55858.52344,55858.52344,0
2022-02-28,56247.27734,56247.27734,56247.27734,56247.27734,56247.27734,0
2022-03-02,55468.89844,55468.89844,55468.89844,55468.89844,55468.89844,0
2022-03-03,55102.68359,55102.68359,55102.68359,55102.68359,55102.68359,0
2022-03-04,54333.80859,54333.80859,54333.80859,54333.80859,54333.80859,0
2022-03-07,52842.75391,52842.75391,52842.75391,52842.75391,52842.75391,0
2022-03-08,53424.09375,53424.09375,53424.09375,53424.09375,53424.09375,0
2022-03-09,54647.33594,54647.33594,54647.33594,54647.33594,54647.33594,0
2022-03-10,55464.39063,55464.39063,55464.39063,55464.39063,55464.39063,0
2022-03-11,55550.29688,55550.29688,55550.29688,55550.29688,55550.29688,0
2022-03-14,56486.01953,56486.01953,56486.01953,56486.01953,56486.01953,0
2022-03-15,55776.85156,55776.85156,55776.85156,55776.85156,55776.85156,0
2022-03-16,56816.64844,56816.64844,56816.64844,56816.64844,56816.64844,0
2022-03-17,57863.92578,57863.92578,57863.92578,57863.92578,57863.92578,0
2022-03-21,57292.48438,57292.48438,57292.48438,57292.48438,57292.48438,0
2022-03-22,57989.30469,57989.30469,57989.30469,57989.30469,57989.30469,0
2022-03-23,57684.82422,57684.82422,57684.82422,57684.82422,57684.82422,0
2022-03-24,57595.67578,57595.67578,57595.67578,57595.67578,57595.67578,0
2022-03-25,57362.19922,57362.19922,57362.19922,57362.19922,57362.19922,0
2022-03-28,57593.48828,57593.48828,57593.48828,57593.48828,57593.48828,0
2022-03-29,57943.64453,57943.64453,57943.64453,57943.64453,57943.64453,0
2022-03-30,58683.98828,58683.98828,58683.98828,58683.98828,58683.98828,0
2022-03-31,58568.50391,58568.50391,58568.50391,58568.50391,58568.50391,0
2022-04-01,59276.68359,59276.68359,59276.68359,59276.68359,59276.68359,0
2022-04-04,60611.74219,60611.74219,60611.74219,60611.74219,60611.74219,0
2022-04-05,60176.5,60176.5,60176.5,60176.5,60176.5,0
2022-04-06,59610.41016,59610.41016,59610.41016,59610.41016,59610.41016,0
2022-04-07,59034.94531,59034.94531,59034.94531,59034.94531,59034.94531,0
2022-04-08,59447.17578,59447.17578,59447.17578,59447.17578,59447.17578,0
2022-04-11,58964.56641,58964.56641,58964.56641,58964.56641,58964.56641,0
2022-04-12,58576.36719,58576.36719,58576.36719,58576.36719,58576.36719,0
2022-04-13,58338.93359,58338.93359,58338.93359,58338.93359,58338.93359,0
2022-04-18,57166.74609,57166.74609,57166.74609,57166.74609,57166.74609,0
2022-04-19,56463.14844,56463.14844,56463.14844,56463.14844,56463.14844,0
2022-04-20,57037.5,57037.5,57037.5,57037.5,57037.5,0
2022-04-21,57911.68359,57911.68359,57911.68359,57911.68359,57911.68359,0
2022-04-22,57197.14844,57197.14844,57197.14844,57197.14844,57197.14844,0
2022-04-25,56579.89063,56579.89063,56579.89063,56579.89063,56579.89063,0
2022-04-26,57356.61328,57356.61328,57356.61328,57356.61328,57356.61328,0
2022-04-27,56819.38672,56819.38672,56819.38672,56819.38672,56819.38672,0
2022-04-28,57521.05859,57521.05859,57521.05859,57521.05859,57521.05859,0
2022-04-29,57060.87109,57060.87109,57060.87109,57060.87109,57060.87109,0
2022-05-02,56975.99219,56975.99219,56975.99219,56975.99219,56975.99219,0
2022-05-04,55669.03125,55669.03125,55669.03125,55669.03125,55669.03125,0
2022-05-05,55702.23047,55702.23047,55702.23047,55702.23047,55702.23047,0
2022-05-06,54835.58203,54835.58203,54835.58203,54835.58203,54835.58203,0
2022-05-09,54470.66797,54470.66797,54470.66797,54470.66797,54470.66797,0
2022-05-10,54364.84766,54364.84766,54364.84766,54364.84766,54364.84766,0
2022-05-11,54088.39063,54088.39063,54088.39063,54088.39063,54088.39063,0
2022-05-12,52930.31641,52930.31641,52930.31641,52930.31641,52930.31641,0
2022-05-13,52793.62109,52793.62109,52793.62109,52793.62109,52793.62109,0
2022-05-16,52973.83984,52973.83984,52973.83984,52973.83984,52973.83984,0
2022-05-17,54318.46875,54318.46875,54318.46875,54318.46875,54318.46875,0
2022-05-18,54208.53516,54208.53516,54208.53516,54208.53516,54208.53516,0
2022-05-19,52792.23438,52792.23438,52792.23438,52792.23438,52792.23438,0
2022-05-20,54326.38672,54326.38672,54326.38672,54326.38672,54326.38672,0
2022-05-23,54288.60938,54288.60938,54288.60938,54288.60938,54288.60938,0
2022-05-24,54052.60938,54052.60938,54052.60938,54052.60938,54052.60938,0
2022-05-25,53749.25781,53749.25781,53749.25781,53749.25781,53749.25781,0
2022-05-26,54252.52734,54252.52734,54252.52734,54252.52734,54252.52734,0
2022-05-27,54884.65625,54884.65625,54884.65625,54884.65625,54884.65625,0
2022-05-30,null,null,null,null,null,null
2022-05-31,55566.41016,55566.41016,55566.41016,55566.41016,55566.41016,0
2022-06-01,55381.16797,55381.16797,55381.16797,55381.16797,55381.16797,0
2022-06-02,55818.10938,55818.10938,55818.10938,55818.10938,55818.10938,0
2022-06-03,55769.23438,55769.23438,55769.23438,55769.23438,55769.23438,0
2022-06-06,55675.31641,55675.31641,55675.31641,55675.31641,55675.31641,0
2022-06-07,55107.33594,55107.33594,55107.33594,55107.33594,55107.33594,0
2022-06-08,54892.48438,54892.48438,54892.48438,54892.48438,54892.48438,0
2022-06-09,55320.28516,55320.28516,55320.28516,55320.28516,55320.28516,0
2022-06-10,null,null,null,null,null,null
2022-06-13,52846.69922,52846.69922,52846.69922,52846.69922,52846.69922,0
2022-06-14,52693.56641,52693.56641,52693.56641,52693.56641,52693.56641,0
2022-06-15,52541.39453,52541.39453,52541.39453,52541.39453,52541.39453,0
2022-06-16,51495.78516,51495.78516,51495.78516,51495.78516,51495.78516,0
2022-06-17,51360.41797,51360.41797,51360.41797,51360.41797,51360.41797,0
2022-06-20,null,null,null,null,null,null
2022-06-21,52532.07031,52532.07031,52532.07031,52532.07031,52532.07031,0
2022-06-22,51822.53516,51822.53516,51822.53516,51822.53516,51822.53516,0
2022-06-23,52265.71875,52265.71875,52265.71875,52265.71875,52265.71875,0
2022-06-24,52727.98047,52727.98047,52727.98047,52727.98047,52727.98047,0
2022-06-27,53161.28125,53161.28125,53161.28125,53161.28125,53161.28125,0
2022-06-28,53177.45313,53177.45313,53177.45313,53177.45313,53177.45313,0
2022-06-29,53026.96875,53026.96875,53026.96875,53026.96875,53026.96875,0
2022-06-30,53018.94141,53018.94141,53018.94141,53018.94141,53018.94141,0
2022-07-01,null,null,null,null,null,null
2022-07-04,null,null,null,null,null,null
2022-07-05,53134.34766,53134.34766,53134.34766,53134.34766,53134.34766,0
2022-07-06,53750.97266,53750.97266,53750.97266,53750.97266,53750.97266,0
2022-07-07,54178.45703,54178.45703,54178.45703,54178.45703,54178.45703,0
2022-07-08,54481.84375,54481.84375,54481.84375,54481.84375,54481.84375,0
2022-07-11,54395.23438,54395.23438,54395.23438,54395.23438,54395.23438,0
2022-07-12,53886.61328,53886.61328,53886.61328,53886.61328,53886.61328,0
2022-07-13,53514.14844,53514.14844,53514.14844,53514.14844,53514.14844,0
2022-07-14,53416.14844,53416.14844,53416.14844,53416.14844,53416.14844,0
2022-07-15,53760.77734,53760.77734,53760.77734,53760.77734,53760.77734,0
2022-07-18,54521.14844,54521.14844,54521.14844,54521.14844,54521.14844,0
2022-07-19,54767.61719,54767.61719,54767.61719,54767.61719,54767.61719,0
2022-07-20,55397.53125,55397.53125,55397.53125,55397.53125,55397.53125,0
2022-07-21,55681.94922,55681.94922,55681.94922,55681.94922,55681.94922,0
2022-07-22,56072.22656,56072.22656,56072.22656,56072.22656,56072.22656,0
2022-07-25,55766.22266,55766.22266,55766.22266,55766.22266,55766.22266,0
2022-07-26,55268.48828,55268.48828,55268.48828,55268.48828,55268.48828,0
2022-07-27,55816.32031,55816.32031,55816.32031,55816.32031,55816.32031,0
2022-07-28,56857.79297,56857.79297,56857.79297,56857.79297,56857.79297,0
2022-07-29,57570.25391,57570.25391,57570.25391,57570.25391,57570.25391,0
2022-08-01,58115.5,58115.5,58115.5,58115.5,58115.5,0
2022-08-02,58136.35938,58136.35938,58136.35938,58136.35938,58136.35938,0
2022-08-03,58350.53125,58350.53125,58350.53125,58350.53125,58350.53125,0
2022-08-04,58298.80469,58298.80469,58298.80469,58298.80469,58298.80469,0
2022-08-05,58387.92969,58387.92969,58387.92969,58387.92969,58387.92969,0
2022-08-08,58853.06641,58853.06641,58853.06641,58853.06641,58853.06641,0
2022-08-10,58817.28906,58817.28906,58817.28906,58817.28906,58817.28906,0
2022-08-11,59332.60547,59332.60547,59332.60547,59332.60547,59332.60547,0
2022-08-12,59462.78125,59462.78125,59462.78125,59462.78125,59462.78125,0
2022-08-16,59842.20703,59842.20703,59842.20703,59842.20703,59842.20703,0
2022-08-17,60260.125,60260.125,60260.125,60260.125,60260.125,0
2022-08-18,60298,60298,60298,60298,60298,0
2022-08-19,59646.14844,59646.14844,59646.14844,59646.14844,59646.14844,0
2022-08-22,58773.87109,58773.87109,58773.87109,58773.87109,58773.87109,0
2022-08-23,59031.30078,59031.30078,59031.30078,59031.30078,59031.30078,0
2022-08-24,59085.42969,59085.42969,59085.42969,59085.42969,59085.42969,0
2022-08-25,58774.72266,58774.72266,58774.72266,58774.72266,58774.72266,0
2022-08-26,58833.87109,58833.87109,58833.87109,58833.87109,58833.87109,0
2022-08-29,57972.62109,57972.62109,57972.62109,57972.62109,57972.62109,0
2022-08-30,59537.07422,59537.07422,59537.07422,59537.07422,59537.07422,0
2022-09-01,58766.58984,58766.58984,58766.58984,58766.58984,58766.58984,0
2022-09-02,58803.33203,58803.33203,58803.33203,58803.33203,58803.33203,0
2022-09-05,null,null,null,null,null,null
2022-09-06,59196.99219,59196.99219,59196.99219,59196.99219,59196.99219,0
2022-09-07,59028.90625,59028.90625,59028.90625,59028.90625,59028.90625,0
2022-09-08,59688.21484,59688.21484,59688.21484,59688.21484,59688.21484,0
2022-09-09,59793.14453,59793.14453,59793.14453,59793.14453,59793.14453,0
2022-09-12,60115.125,60115.125,60115.125,60115.125,60115.125,0
2022-09-13,60571.08203,60571.08203,60571.08203,60571.08203,60571.08203,0
2022-09-14,60346.96484,60346.96484,60346.96484,60346.96484,60346.96484,0
2022-09-15,59934.01172,59934.01172,59934.01172,59934.01172,59934.01172,0
2022-09-16,58840.79297,58840.79297,58840.79297,58840.79297,58840.79297,0
2022-09-19,59141.23438,59141.23438,59141.23438,59141.23438,59141.23438,0
2022-09-20,59719.74219,59719.74219,59719.74219,59719.74219,59719.74219,0
2022-09-21,59456.77734,59456.77734,59456.77734,59456.77734,59456.77734,0
2022-09-22,59119.71875,59119.71875,59119.71875,59119.71875,59119.71875,0
2022-09-23,58098.92188,58098.92188,58098.92188,58098.92188,58098.92188,0
2022-09-26,57145.21484,57145.21484,57145.21484,57145.21484,57145.21484,0
2022-09-27,57107.51953,57107.51953,57107.51953,57107.51953,57107.51953,0
2022-09-28,56598.27734,56598.27734,56598.27734,56598.27734,56598.27734,0
2022-09-29,56409.96094,56409.96094,56409.96094,56409.96094,56409.96094,0
2022-09-30,57426.92188,57426.92188,57426.92188,57426.92188,57426.92188,0
2022-10-03,56788.80469,56788.80469,56788.80469,56788.80469,56788.80469,0
2022-10-04,58065.47266,58065.47266,58065.47266,58065.47266,58065.47266,0
2022-10-06,58222.10156,58222.10156,58222.10156,58222.10156,58222.10156,0
2022-10-07,58191.28906,58191.28906,58191.28906,58191.28906,58191.28906,0
2022-10-10,57991.11328,57991.11328,57991.11328,57991.11328,57991.11328,0
2022-10-11,57147.31641,57147.31641,57147.31641,57147.31641,57147.31641,0
2022-10-12,57625.91016,57625.91016,57625.91016,57625.91016,57625.91016,0
2022-10-13,57235.33203,57235.33203,57235.33203,57235.33203,57235.33203,0
2022-10-14,57919.96875,57919.96875,57919.96875,57919.96875,57919.96875,0
2022-10-17,58410.97656,58410.97656,58410.97656,58410.97656,58410.97656,0
2022-10-18,58960.59766,58960.59766,58960.59766,58960.59766,58960.59766,0
2022-10-19,59107.1875,59107.1875,59107.1875,59107.1875,59107.1875,0
2022-10-20,59202.89844,59202.89844,59202.89844,59202.89844,59202.89844,0
2022-10-21,59307.14844,59307.14844,59307.14844,59307.14844,59307.14844,0
2022-10-24,59831.66016,59831.66016,59831.66016,59831.66016,59831.66016,0
2022-10-25,59543.96094,59543.96094,59543.96094,59543.96094,59543.96094,0
2022-10-27,59756.83594,59756.83594,59756.83594,59756.83594,59756.83594,0
2022-10-28,59959.85156,59959.85156,59959.85156,59959.85156,59959.85156,0
2022-10-31,60746.58984,60746.58984,60746.58984,60746.58984,60746.58984,0
2022-11-01,61121.35156,61121.35156,61121.35156,61121.35156,61121.35156,0
2022-11-02,60906.08594,60906.08594,60906.08594,60906.08594,60906.08594,0
2022-11-03,60836.40625,60836.40625,60836.40625,60836.40625,60836.40625,0
2022-11-04,60950.36328,60950.36328,60950.36328,60950.36328,60950.36328,0
2022-11-07,61185.14453,61185.14453,61185.14453,61185.14453,61185.14453,0
2022-11-09,61033.54688,61033.54688,61033.54688,61033.54688,61033.54688,0
2022-11-10,60613.69922,60613.69922,60613.69922,60613.69922,60613.69922,0
2022-11-11,61795.03906,61795.03906,61795.03906,61795.03906,61795.03906,0
2022-11-14,61624.15234,61624.15234,61624.15234,61624.15234,61624.15234,0
2022-11-15,61872.99219,61872.99219,61872.99219,61872.99219,61872.99219,0
2022-11-16,61980.71875,61980.71875,61980.71875,61980.71875,61980.71875,0
2022-11-17,61750.59766,61750.59766,61750.59766,61750.59766,61750.59766,0
2022-11-18,61663.48047,61663.48047,61663.48047,61663.48047,61663.48047,0
2022-11-21,61144.83984,61144.83984,61144.83984,61144.83984,61144.83984,0
2022-11-22,61418.96484,61418.96484,61418.96484,61418.96484,61418.96484,0
2022-11-23,61510.58594,61510.58594,61510.58594,61510.58594,61510.58594,0
2022-11-24,null,null,null,null,null,null
2022-11-25,62293.64063,62293.64063,62293.64063,62293.64063,62293.64063,0
2022-11-28,62504.79688,62504.79688,62504.79688,62504.79688,62504.79688,0
2022-11-29,62681.84375,62681.84375,62681.84375,62681.84375,62681.84375,0
2022-11-30,63099.64844,63099.64844,63099.64844,63099.64844,63099.64844,0
2022-12-01,63284.18359,63284.18359,63284.18359,63284.18359,63284.18359,0
2022-12-02,62868.50391,62868.50391,62868.50391,62868.50391,62868.50391,0
2022-12-05,62834.59766,62834.59766,62834.59766,62834.59766,62834.59766,0
2022-12-06,62626.36328,62626.36328,62626.36328,62626.36328,62626.36328,0
2022-12-07,62410.67578,62410.67578,62410.67578,62410.67578,62410.67578,0
2022-12-08,62570.68359,62570.68359,62570.68359,62570.68359,62570.68359,0
2022-12-09,62181.67188,62181.67188,62181.67188,62181.67188,62181.67188,0
2022-12-12,62130.57031,62130.57031,62130.57031,62130.57031,62130.57031,0
2022-12-13,62533.30078,62533.30078,62533.30078,62533.30078,62533.30078,0
2022-12-14,62677.90625,62677.90625,62677.90625,62677.90625,62677.90625,0
2022-12-15,61799.03125,61799.03125,61799.03125,61799.03125,61799.03125,0
2022-12-16,61337.80469,61337.80469,61337.80469,61337.80469,61337.80469,0
2022-12-19,61806.19141,61806.19141,61806.19141,61806.19141,61806.19141,0
2022-12-20,61702.28516,61702.28516,61702.28516,61702.28516,61702.28516,0
2022-12-21,61067.23828,61067.23828,61067.23828,61067.23828,61067.23828,0
2022-12-22,60826.22266,60826.22266,60826.22266,60826.22266,60826.22266,0
2022-12-23,59845.29297,59845.29297,59845.29297,59845.29297,59845.29297,0
2022-12-26,null,null,null,null,null,null
2022-12-27,60927.42969,60927.42969,60927.42969,60927.42969,60927.42969,0
2022-12-28,60910.27344,60910.27344,60910.27344,60910.27344,60910.27344,0
2022-12-29,61133.88281,61133.88281,61133.88281,61133.88281,61133.88281,0
2022-12-30,60840.74219,60840.74219,60840.74219,60840.74219,60840.74219,0
2023-01-02,null,null,null,null,null,null
2023-01-03,61294.20313,61294.20313,61294.20313,61294.20313,61294.20313,0
2023-01-04,60657.44922,60657.44922,60657.44922,60657.44922,60657.44922,0
2023-01-05,60353.26953,60353.26953,60353.26953,60353.26953,60353.26953,0
2023-01-06,59900.37109,59900.37109,59900.37109,59900.37109,59900.37109,0
2023-01-09,60747.30859,60747.30859,60747.30859,60747.30859,60747.30859,0
2023-01-10,60115.48438,60115.48438,60115.48438,60115.48438,60115.48438,0
2023-01-11,60105.50391,60105.50391,60105.50391,60105.50391,60105.50391,0
2023-01-12,59958.03125,59958.03125,59958.03125,59958.03125,59958.03125,0
2023-01-13,60261.17969,60261.17969,60261.17969,60261.17969,60261.17969,0
2023-01-16,null,null,null,null,null,null
2023-01-17,60655.72656,60655.72656,60655.72656,60655.72656,60655.72656,0
2023-01-18,61045.74219,61045.74219,61045.74219,61045.74219,61045.74219,0
2023-01-19,60858.42969,60858.42969,60858.42969,60858.42969,60858.42969,0
2023-01-20,60621.76953,60621.76953,60621.76953,60621.76953,60621.76953,0
2023-01-23,60941.67578,60941.67578,60941.67578,60941.67578,60941.67578,0
2023-01-24,60978.74609,60978.74609,60978.74609,60978.74609,60978.74609,0
2023-01-25,60205.0625,60205.0625,60205.0625,60205.0625,60205.0625,0
2023-01-27,59330.89844,59330.89844,59330.89844,59330.89844,59330.89844,0
2023-01-30,59500.40625,59500.40625,59500.40625,59500.40625,59500.40625,0
2023-01-31,59549.90234,59549.90234,59549.90234,59549.90234,59549.90234,0
2023-02-01,59708.08203,59708.08203,59708.08203,59708.08203,59708.08203,0
2023-02-02,59932.23828,59932.23828,59932.23828,59932.23828,59932.23828,0
2023-02-03,60841.88281,60841.88281,60841.88281,60841.88281,60841.88281,0
2023-02-06,60506.89844,60506.89844,60506.89844,60506.89844,60506.89844,0
2023-02-07,60286.04297,60286.04297,60286.04297,60286.04297,60286.04297,0
2023-02-08,60663.78906,60663.78906,60663.78906,60663.78906,60663.78906,0
2023-02-09,60806.22266,60806.22266,60806.22266,60806.22266,60806.22266,0
2023-02-10,60682.69922,60682.69922,60682.69922,60682.69922,60682.69922,0
2023-02-13,60431.83984,60431.83984,60431.83984,60431.83984,60431.83984,0
2023-02-14,61032.25781,61032.25781,61032.25781,61032.25781,61032.25781,0
2023-02-15,61275.08984,61275.08984,61275.08984,61275.08984,61275.08984,0
2023-02-16,61319.51563,61319.51563,61319.51563,61319.51563,61319.51563,0
2023-02-17,61002.57031,61002.57031,61002.57031,61002.57031,61002.57031,0
2023-02-20,null,null,null,null,null,null
2023-02-21,60672.71875,60672.71875,60672.71875,60672.71875,60672.71875,0
2023-02-22,59744.98438,59744.98438,59744.98438,59744.98438,59744.98438,0
2023-02-23,59605.79688,59605.79688,59605.79688,59605.79688,59605.79688,0
2023-02-24,59463.93359,59463.93359,59463.93359,59463.93359,59463.93359,0
2023-02-27,59288.34766,59288.34766,59288.34766,59288.34766,59288.34766,0
2023-02-28,58962.11719,58962.11719,58962.11719,58962.11719,58962.11719,0
2023-03-01,59411.07422,59411.07422,59411.07422,59411.07422,59411.07422,0
2023-03-02,58909.35156,58909.35156,58909.35156,58909.35156,58909.35156,0
2023-03-03,59808.96484,59808.96484,59808.96484,59808.96484,59808.96484,0
2023-03-06,60224.46094,60224.46094,60224.46094,60224.46094,60224.46094,0
2023-03-08,60348.09375,60348.09375,60348.09375,60348.09375,60348.09375,0
2023-03-09,59806.27734,59806.27734,59806.27734,59806.27734,59806.27734,0
2023-03-10,59135.13281,59135.13281,59135.13281,59135.13281,59135.13281,0
2023-03-13,58237.84766,58237.84766,58237.84766,58237.84766,58237.84766,0
2023-03-14,57900.19141,57900.19141,57900.19141,57900.19141,57900.19141,0
2023-03-15,57555.89844,57555.89844,57555.89844,57555.89844,57555.89844,0
2023-03-16,57634.83594,57634.83594,57634.83594,57634.83594,57634.83594,0
2023-03-17,57989.89844,57989.89844,57989.89844,57989.89844,57989.89844,0
2023-03-20,57628.95313,57628.95313,57628.95313,57628.95313,57628.95313,0
2023-03-21,58074.67578,58074.67578,58074.67578,58074.67578,58074.67578,0
2023-03-22,58214.58984,58214.58984,58214.58984,58214.58984,58214.58984,0
2023-03-23,57925.27734,57925.27734,57925.27734,57925.27734,57925.27734,0
2023-03-24,57527.10156,57527.10156,57527.10156,57527.10156,57527.10156,0
2023-03-27,57653.85938,57653.85938,57653.85938,57653.85938,57653.85938,0
2023-03-28,57613.71484,57613.71484,57613.71484,57613.71484,57613.71484,0
2023-03-29,57960.08594,57960.08594,57960.08594,57960.08594,57960.08594,0
2023-03-31,58991.52344,58991.52344,58991.52344,58991.52344,58991.52344,0
2023-04-03,59106.44141,59106.44141,59106.44141,59106.44141,59106.44141,0
2023-04-05,59689.3125,59689.3125,59689.3125,59689.3125,59689.3125,0
2023-04-06,59832.96875,59832.96875,59832.96875,59832.96875,59832.96875,0
2023-04-10,59846.51172,59846.51172,59846.51172,59846.51172,59846.51172,0
2023-04-11,60157.71875,60157.71875,60157.71875,60157.71875,60157.71875,0
2023-04-12,60392.76953,60392.76953,60392.76953,60392.76953,60392.76953,0
2023-04-13,60431.00391,60431.00391,60431.00391,60431.00391,60431.00391,0
2023-04-17,59910.75,59910.75,59910.75,59910.75,59910.75,0
2023-04-18,59727.01172,59727.01172,59727.01172,59727.01172,59727.01172,0
2023-04-19,59567.80078,59567.80078,59567.80078,59567.80078,59567.80078,0
2023-04-20,59632.34766,59632.34766,59632.34766,59632.34766,59632.34766,0
2023-04-21,59655.0625,59655.0625,59655.0625,59655.0625,59655.0625,0
2023-04-24,60056.10156,60056.10156,60056.10156,60056.10156,60056.10156,0
2023-04-25,60130.71484,60130.71484,60130.71484,60130.71484,60130.71484,0
2023-04-26,60300.57813,60300.57813,60300.57813,60300.57813,60300.57813,0
2023-04-27,60649.37891,60649.37891,60649.37891,60649.37891,60649.37891,0
2023-04-28,61112.4375,61112.4375,61112.4375,61112.4375,61112.4375,0
2023-05-02,61354.70703,61354.70703,61354.70703,61354.70703,61354.70703,0
2023-05-03,61193.29688,61193.29688,61193.29688,61193.29688,61193.29688,0
2023-05-04,61749.24609,61749.24609,61749.24609,61749.24609,61749.24609,0
2023-05-05,61054.29297,61054.29297,61054.29297,61054.29297,61054.29297,0
2023-05-08,61764.25,61764.25,61764.25,61764.25,61764.25,0
2023-05-09,61761.32813,61761.32813,61761.32813,61761.32813,61761.32813,0
2023-05-10,61940.19922,61940.19922,61940.19922,61940.19922,61940.19922,0
2023-05-11,61904.52344,61904.52344,61904.52344,61904.52344,61904.52344,0
2023-05-12,62027.90234,62027.90234,62027.90234,62027.90234,62027.90234,0
2023-05-15,62345.71484,62345.71484,62345.71484,62345.71484,62345.71484,0
2023-05-16,61932.46484,61932.46484,61932.46484,61932.46484,61932.46484,0
2023-05-17,61560.63672,61560.63672,61560.63672,61560.63672,61560.63672,0
2023-05-18,61431.73438,61431.73438,61431.73438,61431.73438,61431.73438,0
2023-05-19,61729.68359,61729.68359,61729.68359,61729.68359,61729.68359,0
2023-05-22,61963.68359,61963.68359,61963.68359,61963.68359,61963.68359,0
2023-05-23,null,null,null,null,null,null
2023-05-24,61773.77734,61773.77734,61773.77734,61773.77734,61773.77734,0
2023-05-25,61872.625,61872.625,61872.625,61872.625,61872.625,0
2023-05-26,62501.6875,62501.6875,62501.6875,62501.6875,62501.6875,0
2023-05-29,null,null,null,null,null,null
2023-05-30,62969.13281,62969.13281,62969.13281,62969.13281,62969.13281,0
2023-05-31,62622.23438,62622.23438,62622.23438,62622.23438,62622.23438,0
2023-06-01,62428.54297,62428.54297,62428.54297,62428.54297,62428.54297,0
2023-06-02,62547.10547,62547.10547,62547.10547,62547.10547,62547.10547,0
2023-06-05,62787.46875,62787.46875,62787.46875,62787.46875,62787.46875,0
2023-06-06,62792.875,62792.875,62792.875,62792.875,62792.875,0
2023-06-07,63142.96484,63142.96484,63142.96484,63142.96484,63142.96484,0
2023-06-08,62848.64453,62848.64453,62848.64453,62848.64453,62848.64453,0
2023-06-09,62625.62891,62625.62891,62625.62891,62625.62891,62625.62891,0
2023-06-12,null,null,null,null,null,null
2023-06-13,63143.16406,63143.16406,63143.16406,63143.16406,63143.16406,0
2023-06-14,63228.51563,63228.51563,63228.51563,63228.51563,63228.51563,0
2023-06-15,62917.63281,62917.63281,62917.63281,62917.63281,62917.63281,0
2023-06-16,63384.57813,63384.57813,63384.57813,63384.57813,63384.57813,0
2023-06-19,null,null,null,null,null,null
2023-06-20,63327.69922,63327.69922,63327.69922,63327.69922,63327.69922,0
2023-06-21,63523.15625,63523.15625,63523.15625,63523.15625,63523.15625,0
2023-06-22,63238.89063,63238.89063,63238.89063,63238.89063,63238.89063,0
2023-06-23,62979.36719,62979.36719,62979.36719,62979.36719,62979.36719,0
2023-06-26,62969.99609,62969.99609,62969.99609,62969.99609,62969.99609,0
2023-06-27,63416.03516,63416.03516,63416.03516,63416.03516,63416.03516,0
2023-06-28,63915.42188,63915.42188,63915.42188,63915.42188,63915.42188,0
2023-06-30,64718.5625,64718.5625,64718.5625,64718.5625,64718.5625,0
2023-07-03,65205.05078,65205.05078,65205.05078,65205.05078,65205.05078,0
2023-07-04,null,null,null,null,null,null
2023-07-05,65446.03516,65446.03516,65446.03516,65446.03516,65446.03516,0
2023-07-06,65785.64063,65785.64063,65785.64063,65785.64063,65785.64063,0
2023-07-07,65280.44922,65280.44922,65280.44922,65280.44922,65280.44922,0
2023-07-10,65344.16797,65344.16797,65344.16797,65344.16797,65344.16797,0
2023-07-11,65617.84375,65617.84375,65617.84375,65617.84375,65617.84375,0
2023-07-12,65393.90234,65393.90234,65393.90234,65393.90234,65393.90234,0
2023-07-13,65558.89063,65558.89063,65558.89063,65558.89063,65558.89063,0
2023-07-14,66060.90625,66060.90625,66060.90625,66060.90625,66060.90625,0
2023-07-17,66589.92969,66589.92969,66589.92969,66589.92969,66589.92969,0
2023-07-18,66795.14063,66795.14063,66795.14063,66795.14063,66795.14063,0
2023-07-19,67097.4375,67097.4375,67097.4375,67097.4375,67097.4375,0
2023-07-20,67571.89844,67571.89844,67571.89844,67571.89844,67571.89844,0
2023-07-21,66684.25781,66684.25781,66684.25781,66684.25781,66684.25781,0
2023-07-24,66384.77344,66384.77344,66384.77344,66384.77344,66384.77344,0
2023-07-25,66355.71094,66355.71094,66355.71094,66355.71094,66355.71094,0
2023-07-26,66707.19531,66707.19531,66707.19531,66707.19531,66707.19531,0
2023-07-27,66266.8125,66266.8125,66266.8125,66266.8125,66266.8125,0
2023-07-28,66160.19531,66160.19531,66160.19531,66160.19531,66160.19531,0
2023-07-31,66527.67188,66527.67188,66527.67188,66527.67188,66527.67188,0
2023-08-01,66459.3125,66459.3125,66459.3125,66459.3125,66459.3125,0
2023-08-02,65782.78125,65782.78125,65782.78125,65782.78125,65782.78125,0
2023-08-03,65240.67969,65240.67969,65240.67969,65240.67969,65240.67969,0
2023-08-04,65721.25,65721.25,65721.25,65721.25,65721.25,0
2023-08-07,65953.48438,65953.48438,65953.48438,65953.48438,65953.48438,0
2023-08-08,65846.5,65846.5,65846.5,65846.5,65846.5,0
2023-08-09,65995.8125,65995.8125,65995.8125,65995.8125,65995.8125,0
2023-08-10,65688.17969,65688.17969,65688.17969,65688.17969,65688.17969,0
2023-08-11,65322.65234,65322.65234,65322.65234,65322.65234,65322.65234,0
2023-08-14,65401.92188,65401.92188,65401.92188,65401.92188,65401.92188,0
2023-08-16,65539.41406,65539.41406,65539.41406,65539.41406,65539.41406,0
2023-08-17,65151.01563,65151.01563,65151.01563,65151.01563,65151.01563,0
2023-08-18,64948.66406,64948.66406,64948.66406,64948.66406,64948.66406,0
2023-08-21,65216.08594,65216.08594,65216.08594,65216.08594,65216.08594,0
2023-08-22,65220.03125,65220.03125,65220.03125,65220.03125,65220.03125,0
2023-08-23,65433.30469,65433.30469,65433.30469,65433.30469,65433.30469,0
2023-08-24,65252.33594,65252.33594,65252.33594,65252.33594,65252.33594,0
2023-08-25,64886.51172,64886.51172,64886.51172,64886.51172,64886.51172,0
2023-08-28,64996.60156,64996.60156,64996.60156,64996.60156,64996.60156,0
2023-08-29,65075.82031,65075.82031,65075.82031,65075.82031,65075.82031,0
2023-08-30,65087.24609,65087.24609,65087.24609,65087.24609,65087.24609,0
2023-08-31,64831.41406,64831.41406,64831.41406,64831.41406,64831.41406,0
2023-09-01,65387.16406,65387.16406,65387.16406,65387.16406,65387.16406,0
2023-09-04,null,null,null,null,null,null
2023-09-05,65780.26563,65780.26563,65780.26563,65780.26563,65780.26563,0
2023-09-06,65880.52344,65880.52344,65880.52344,65880.52344,65880.52344,0
2023-09-07,66265.5625,66265.5625,66265.5625,66265.5625,66265.5625,0
2023-09-08,66598.91406,66598.91406,66598.91406,66598.91406,66598.91406,0
2023-09-11,67127.07813,67127.07813,67127.07813,67127.07813,67127.07813,0
2023-09-12,67221.125,67221.125,67221.125,67221.125,67221.125,0
2023-09-13,67466.99219,67466.99219,67466.99219,67466.99219,67466.99219,0
2023-09-14,67519,67519,67519,67519,67519,0
2023-09-15,67838.625,67838.625,67838.625,67838.625,67838.625,0
2023-09-18,67596.83594,67596.83594,67596.83594,67596.83594,67596.83594,0
2023-09-20,66800.83594,66800.83594,66800.83594,66800.83594,66800.83594,0
2023-09-21,66230.24219,66230.24219,66230.24219,66230.24219,66230.24219,0
2023-09-22,66009.14844,66009.14844,66009.14844,66009.14844,66009.14844,0
2023-09-25,66023.6875,66023.6875,66023.6875,66023.6875,66023.6875,0
2023-09-26,65945.46875,65945.46875,65945.46875,65945.46875,65945.46875,0
2023-09-27,66118.69531,66118.69531,66118.69531,66118.69531,66118.69531,0
2023-09-28,65508.32422,65508.32422,65508.32422,65508.32422,65508.32422,0
2023-09-29,65828.40625,65828.40625,65828.40625,65828.40625,65828.40625,0
2023-10-03,65512.10156,65512.10156,65512.10156,65512.10156,65512.10156,0
2023-10-04,65226.03516,65226.03516,65226.03516,65226.03516,65226.03516,0
2023-10-05,65631.57031,65631.57031,65631.57031,65631.57031,65631.57031,0
2023-10-06,65995.63281,65995.63281,65995.63281,65995.63281,65995.63281,0
2023-10-09,65512.38672,65512.38672,65512.38672,65512.38672,65512.38672,0
2023-10-10,66079.35938,66079.35938,66079.35938,66079.35938,66079.35938,0
2023-10-11,66473.04688,66473.04688,66473.04688,66473.04688,66473.04688,0
2023-10-12,66408.39063,66408.39063,66408.39063,66408.39063,66408.39063,0
2023-10-13,66282.73438,66282.73438,66282.73438,66282.73438,66282.73438,0
2023-10-16,66166.92969,66166.92969,66166.92969,66166.92969,66166.92969,0
2023-10-17,66428.09375,66428.09375,66428.09375,66428.09375,66428.09375,0
2023-10-18,65877.02344,65877.02344,65877.02344,65877.02344,65877.02344,0
2023-10-19,65629.23438,65629.23438,65629.23438,65629.23438,65629.23438,0
2023-10-20,65397.62109,65397.62109,65397.62109,65397.62109,65397.62109,0
2023-10-23,64571.88672,64571.88672,64571.88672,64571.88672,64571.88672,0
2023-10-25,64049.0625,64049.0625,64049.0625,64049.0625,64049.0625,0
2023-10-26,63148.14844,63148.14844,63148.14844,63148.14844,63148.14844,0
2023-10-27,63782.80078,63782.80078,63782.80078,63782.80078,63782.80078,0
2023-10-30,64112.64844,64112.64844,64112.64844,64112.64844,64112.64844,0
2023-10-31,63874.92969,63874.92969,63874.92969,63874.92969,63874.92969,0
2023-11-01,63591.33203,63591.33203,63591.33203,63591.33203,63591.33203,0
2023-11-02,64080.90234,64080.90234,64080.90234,64080.90234,64080.90234,0
2023-11-03,64363.77734,64363.77734,64363.77734,64363.77734,64363.77734,0
2023-11-06,64958.69531,64958.69531,64958.69531,64958.69531,64958.69531,0
2023-11-07,64942.39453,64942.39453,64942.39453,64942.39453,64942.39453,0
2023-11-08,64975.60938,64975.60938,64975.60938,64975.60938,64975.60938,0
2023-11-09,64832.19531,64832.19531,64832.19531,64832.19531,64832.19531,0
2023-11-10,64904.67969,64904.67969,64904.67969,64904.67969,64904.67969,0
2023-11-13,64933.87109,64933.87109,64933.87109,64933.87109,64933.87109,0
2023-11-15,65675.92969,65675.92969,65675.92969,65675.92969,65675.92969,0
2023-11-16,65982.48438,65982.48438,65982.48438,65982.48438,65982.48438,0
2023-11-17,65794.72656,65794.72656,65794.72656,65794.72656,65794.72656,0
2023-11-20,65655.15625,65655.15625,65655.15625,65655.15625,65655.15625,0
2023-11-21,65930.77344,65930.77344,65930.77344,65930.77344,65930.77344,0
2023-11-22,66023.24219,66023.24219,66023.24219,66023.24219,66023.24219,0
2023-11-23,null,null,null,null,null,null
2023-11-24,65970.03906,65970.03906,65970.03906,65970.03906,65970.03906,0
2023-11-28,66174.19531,66174.19531,66174.19531,66174.19531,66174.19531,0
2023-11-29,66901.90625,66901.90625,66901.90625,66901.90625,66901.90625,0
2023-11-30,66988.44531,66988.44531,66988.44531,66988.44531,66988.44531,0
2023-12-01,67481.1875,67481.1875,67481.1875,67481.1875,67481.1875,0
2023-12-04,68865.11719,68865.11719,68865.11719,68865.11719,68865.11719,0
2023-12-05,69296.14063,69296.14063,69296.14063,69296.14063,69296.14063,0
2023-12-06,69653.73438,69653.73438,69653.73438,69653.73438,69653.73438,0
2023-12-07,69521.6875,69521.6875,69521.6875,69521.6875,69521.6875,0
2023-12-08,69825.60156,69825.60156,69825.60156,69825.60156,69825.60156,0
2023-12-11,69928.53125,69928.53125,69928.53125,69928.53125,69928.53125,0
2023-12-12,69551.03125,69551.03125,69551.03125,69551.03125,69551.03125,0
2023-12-13,69584.60156,69584.60156,69584.60156,69584.60156,69584.60156,0
2023-12-14,70514.20313,70514.20313,70514.20313,70514.20313,70514.20313,0
2023-12-15,71483.75,71483.75,71483.75,71483.75,71483.75,0
2023-12-18,71315.09375,71315.09375,71315.09375,71315.09375,71315.09375,0
2023-12-19,71437.1875,71437.1875,71437.1875,71437.1875,71437.1875,0
2023-12-20,70506.3125,70506.3125,70506.3125,70506.3125,70506.3125,0
2023-12-21,70865.10156,70865.10156,70865.10156,70865.10156,70865.10156,0
2023-12-22,71106.96094,71106.96094,71106.96094,71106.96094,71106.96094,0
2023-12-26,71336.79688,71336.79688,71336.79688,71336.79688,71336.79688,0
2023-12-27,72038.42969,72038.42969,72038.42969,72038.42969,72038.42969,0
2023-12-28,72410.38281,72410.38281,72410.38281,72410.38281,72410.38281,0
2023-12-29,72240.26563,72240.26563,72240.26563,72240.26563,72240.26563,0
2024-01-01,null,null,null,null,null,null
2024-01-02,71892.48438,71892.48438,71892.48438,71892.48438,71892.48438,0
2024-01-03,71356.59375,71356.59375,71356.59375,71356.59375,71356.59375,0
2024-01-04,71847.57813,71847.57813,71847.57813,71847.57813,71847.57813,0
2024-01-05,72026.14844,72026.14844,72026.14844,72026.14844,72026.14844,0
2024-01-08,71355.21875,71355.21875,71355.21875,71355.21875,71355.21875,0
2024-01-09,71386.21094,71386.21094,71386.21094,71386.21094,71386.21094,0
2024-01-10,71657.71094,71657.71094,71657.71094,71657.71094,71657.71094,0
2024-01-11,71721.17969,71721.17969,71721.17969,71721.17969,71721.17969,0
2024-01-12,72568.44531,72568.44531,72568.44531,72568.44531,72568.44531,0
2024-01-15,null,null,null,null,null,null
2024-01-16,73128.77344,73128.77344,73128.77344,73128.77344,73128.77344,0
2024-01-17,71500.76563,71500.76563,71500.76563,71500.76563,71500.76563,0
2024-01-18,71186.85938,71186.85938,71186.85938,71186.85938,71186.85938,0
2024-01-19,71683.22656,71683.22656,71683.22656,71683.22656,71683.22656,0
2024-01-23,70370.55469,70370.55469,70370.55469,70370.55469,70370.55469,0
2024-01-24,71060.3125,71060.3125,71060.3125,71060.3125,71060.3125,0
2024-01-25,70700.67188,70700.67188,70700.67188,70700.67188,70700.67188,0
2024-01-29,71941.5625,71941.5625,71941.5625,71941.5625,71941.5625,0
2024-01-30,71139.89844,71139.89844,71139.89844,71139.89844,71139.89844,0
2024-01-31,71752.10938,71752.10938,71752.10938,71752.10938,71752.10938,0
2024-02-01,71645.30469,71645.30469,71645.30469,71645.30469,71645.30469,0
2024-02-02,72085.63281,72085.63281,72085.63281,72085.63281,72085.63281,0
2024-02-05,71731.41406,71731.41406,71731.41406,71731.41406,71731.41406,0
2024-02-06,72186.09375,72186.09375,72186.09375,72186.09375,72186.09375,0
2024-02-07,72152,72152,72152,72152,72152,0
2024-02-08,71428.42188,71428.42188,71428.42188,71428.42188,71428.42188,0
2024-02-09,71595.48438,71595.48438,71595.48438,71595.48438,71595.48438,0
2024-02-12,71072.49219,71072.49219,71072.49219,71072.49219,71072.49219,0
2024-02-13,71555.19531,71555.19531,71555.19531,71555.19531,71555.19531,0
2024-02-14,71822.82813,71822.82813,71822.82813,71822.82813,71822.82813,0
2024-02-15,72050.375,72050.375,72050.375,72050.375,72050.375,0
2024-02-16,72426.64063,72426.64063,72426.64063,72426.64063,72426.64063,0
2024-02-19,null,null,null,null,null,null
2024-02-20,73057.40625,73057.40625,73057.40625,73057.40625,73057.40625,0
2024-02-21,72623.09375,72623.09375,72623.09375,72623.09375,72623.09375,0
2024-02-22,73158.23438,73158.23438,73158.23438,73158.23438,73158.23438,0
2024-02-23,73142.79688,73142.79688,73142.79688,73142.79688,73142.79688,0
2024-02-26,72790.13281,72790.13281,72790.13281,72790.13281,72790.13281,0
2024-02-27,73095.22656,73095.22656,73095.22656,73095.22656,73095.22656,0
2024-02-28,72304.88281,72304.88281,72304.88281,72304.88281,72304.88281,0
2024-02-29,72500.29688,72500.29688,72500.29688,72500.29688,72500.29688,0
2024-03-01,73745.35156,73745.35156,73745.35156,73745.35156,73745.35156,0
2024-03-04,73872.28906,73872.28906,73872.28906,73872.28906,73872.28906,0
2024-03-05,73677.125,73677.125,73677.125,73677.125,73677.125,0
2024-03-06,74085.98438,74085.98438,74085.98438,74085.98438,74085.98438,0
2024-03-07,74119.39063,74119.39063,74119.39063,74119.39063,74119.39063,0
2024-03-11,73502.64063,73502.64063,73502.64063,73502.64063,73502.64063,0
2024-03-12,73667.96094,73667.96094,73667.96094,73667.96094,73667.96094,0
2024-03-13,72761.88281,72761.88281,72761.88281,72761.88281,72761.88281,0
2024-03-14,73097.28125,73097.28125,73097.28125,73097.28125,73097.28125,0
2024-03-15,72643.42969,72643.42969,72643.42969,72643.42969,72643.42969,0
